seller_id,order_volume_perf,late_rate,severe_late_rate,avg_delay,revenue,avg_review,low_review_rate,review_variance,order_volume_rev,seller_risk_index
54965bbe3e4f07ae045b90b0b8541f52,78,0.3023255813953488,0.29069767441860467,-1.8148148148148149,15560.58,2.9382716049382718,0.43023255813953487,3.2586419753086426,78,0.44958262542972177
2a1348e9addc1af5aaa619b1a3679d6b,52,0.2727272727272727,0.23636363636363636,1.2745098039215685,4686.43,3.0,0.4,3.0566037735849045,52,0.3609356285047383
6039e27294dc75811c0d8a39069f52c0,64,0.25333333333333335,0.12,-6.5,27817.5,3.8266666666666667,0.18666666666666668,2.307387387387388,64,0.2763531642091189
602044f2c16190c2c6e45eb35c2e21cb,50,0.25,0.16666666666666666,-7.241379310344827,7015.16,2.9322033898305087,0.48333333333333334,3.0298071303331393,50,0.33522790799239194
beadbee30901a7f61d031b6b686095ad,64,0.23529411764705882,0.17647058823529413,-9.073529411764707,5943.35,3.9411764705882355,0.17647058823529413,1.996488147497805,64,0.24921715044153056
bbad7e518d7af88a0897397ffdca1979,69,0.2235294117647059,0.18823529411764706,-6.404761904761905,10846.52,3.0357142857142856,0.4470588235294118,3.3119621342512904,69,0.3128303763003819
a49928bcdf77c55c6d6e05e09a9b4ca5,98,0.2169811320754717,0.16037735849056603,-3.8365384615384617,12521.22,2.933333333333333,0.4339622641509434,2.7935897435897443,98,0.3399048774220484
cac4c8e7b1ca6252d8f20b2fc1a2e4af,75,0.21686746987951808,0.14457831325301204,-4.414634146341464,6963.6,3.54320987654321,0.27710843373493976,2.8262345679012353,75,0.26506902355641954
06a2c3af7b3aee5d69171b0e14f0ee87,392,0.21182266009852216,0.15024630541871922,-10.622828784119108,52511.619999999995,4.00250626566416,0.16009852216748768,1.9623052606390332,392,0.3161489723984963
ea566164622c6b439516ab18062c42cd,50,0.21153846153846154,0.15384615384615385,-7.134615384615385,11644.36,3.75,0.25,2.465686274509804,50,0.22179529210239787
2a261b5b644fa05f4f2700eb93544f2c,51,0.2073170731707317,0.13414634146341464,-8.451219512195122,16985.94,3.4935064935064934,0.3048780487804878,3.147983595352015,51,0.23448082453636268
712e6ed8aa4aa1fa65dab41fed5737e4,79,0.20689655172413793,0.1839080459770115,-9.105882352941176,50181.13,3.453488372093023,0.3333333333333333,2.6272229822161424,79,0.2625247583294697
0d85bbda9889ce1f7e63778d24f346eb,51,0.1896551724137931,0.15517241379310345,-9.53448275862069,11373.58,4.211538461538462,0.10344827586206896,1.5426093514328811,51,0.17793350708774808
88460e8ebdecbfecb5f9601833981930,248,0.1830065359477124,0.12745098039215685,-10.279605263157896,61159.72,3.3533333333333335,0.30392156862745096,2.764370122630991,248,0.3011123086988106
cd68562d3f44870c08922d380acae552,125,0.18181818181818182,0.14393939393939395,-6.984496124031008,23491.760000000002,3.8396946564885495,0.21212121212121213,2.320258367586612,125,0.22900883058400276
11bfa66332777660bd0640ee84d47006,76,0.17647058823529413,0.13725490196078433,-8.186274509803921,9604.56,3.764705882352941,0.27450980392156865,2.5579499126383234,76,0.20361587914939144
d20b021d3efdf267a402c402a48ea64b,90,0.16822429906542055,0.14018691588785046,-5.398058252427185,9131.26,3.676190476190476,0.2336448598130841,2.355677655677656,90,0.20641916777194436
2c9e548be18521d1c43cde1c582c6de8,126,0.16666666666666666,0.13218390804597702,-6.298245614035087,13334.77,3.9239766081871346,0.19540229885057472,2.329480564155486,126,0.20575161246508172
8160255418d5aaa7dbdc9f4c64ebda44,385,0.16666666666666666,0.11805555555555555,-6.912941176470588,73668.3,3.8376470588235296,0.19675925925925927,2.1363152053274126,385,0.25865837748033443
e5a3438891c0bfdb9394643f95273d8e,224,0.16470588235294117,0.12549019607843137,-6.149797570850202,14414.97,3.8326693227091635,0.21568627450980393,2.411888446215138,224,0.2327525597816599
002100f778ceb8431b7a1020ff7ab48f,51,0.16363636363636364,0.12727272727272726,-7.407407407407407,2445.64,3.981818181818182,0.14545454545454545,1.9811447811447807,51,0.1623798788458121
6973a06f484aacf400ece213dbf3d946,95,0.1623931623931624,0.1111111111111111,-6.636363636363637,22204.99,3.5,0.27350427350427353,2.6592920353982312,95,0.21177683916456383
1ca7077d890b907f89be8c954a02686a,115,0.16058394160583941,0.0948905109489051,-6.330708661417323,21780.09,2.198529411764706,0.6496350364963503,2.6047385620915042,115,0.3472094781092752
abe42c5d03695b4257b5c6cbf4e6784e,50,0.16,0.16,-8.755102040816327,18158.23,3.9183673469387754,0.18,2.1181972789115635,50,0.16054954666957663
b17b679f4f5ce2e03ce6968c62648246,55,0.15789473684210525,0.12280701754385964,-10.941176470588236,5783.64,3.6140350877192984,0.2631578947368421,2.81265664160401,55,0.17586487969231235
adbc26658d6c7b4b6219f9d934598091,88,0.15217391304347827,0.10869565217391304,-7.630434782608695,15077.58,4.054347826086956,0.17391304347826086,2.1178929765886285,88,0.16847428733579078
891071be6ba827b591264c90c2ae8a63,92,0.15151515151515152,0.09090909090909091,-11.0,6246.24,3.717171717171717,0.2727272727272727,2.6742939600082454,92,0.18475269673179037
f7ba60f8c3f99e7ee4042fdef03b70c4,219,0.15151515151515152,0.10822510822510822,-8.517391304347827,88508.79,4.207792207792208,0.10822510822510822,1.5131564088085832,219,0.19421498366495132
b561927807645834b59ef0d16ba55a24,85,0.14736842105263157,0.10526315789473684,-8.16842105263158,7169.0199999999995,4.336842105263158,0.09473684210526316,1.2895856662933924,85,0.15136131589210944
05f51e13da97139648b8125c31e5f51b,60,0.14285714285714285,0.1111111111111111,-9.183333333333334,17969.32,4.095238095238095,0.1746031746031746,2.216589861751152,60,0.14340257665720854
e62b2d6ac10570a035a30bafcf01d263,62,0.14084507042253522,0.1267605633802817,-8.605633802816902,8576.1,3.8333333333333335,0.18309859154929578,1.894871794871795,62,0.1522278527761739
06579cb253ecd5a3a12a9e6eb6bf8f47,62,0.1388888888888889,0.08333333333333333,-8.485714285714286,8732.91,3.763888888888889,0.25,2.57726917057903,62,0.15288320023584992
048c2757535328e0d7dac690ad3c0aae,51,0.13725490196078433,0.11764705882352941,-9.38,10551.06,4.224489795918367,0.13725490196078433,1.761054421768707,51,0.12837705744751635
900ba814c251a692506d7834c1218441,88,0.13636363636363635,0.07954545454545454,-7.883720930232558,31743.73,4.188235294117647,0.09090909090909091,1.440336134453781,88,0.14614431489807145
431af27f296bc6519d890aa5a05fdb11,117,0.136,0.104,-6.943548387096774,17330.2,3.774193548387097,0.248,2.4689221085759256,117,0.1719077468098055
a6fe7de3d16f6149ffe280349a8535a0,51,0.1346153846153846,0.11538461538461539,-8.92156862745098,3797.56,4.040816326530612,0.15384615384615385,1.831632653061224,51,0.1316313709667278
1eade46fba20122dc4aefb379f8c636b,58,0.13333333333333333,0.10666666666666667,-7.066666666666666,6334.35,4.306666666666667,0.09333333333333334,1.323603603603604,58,0.1262395493469263
8f2ce03f928b567e3d56181ae20ae952,153,0.13142857142857142,0.08571428571428572,-9.040697674418604,37539.65,4.08092485549133,0.13714285714285715,1.7841107675762866,153,0.162218004087445
fffd5413c0700ac820c7069d66d98c89,60,0.13114754098360656,0.04918032786885246,-10.672413793103448,12834.28,3.8666666666666667,0.21311475409836064,2.4225988700564973,60,0.13943043066726893
d13e50eaa47b4cbe9eb81465865d8cfc,67,0.13043478260869565,0.014492753623188406,-4.161764705882353,8346.94,4.811594202898551,0.028985507246376812,0.5080988917306053,67,0.11438424501983423
c31eff8334d6b3047ed34bebd4d62c36,122,0.13008130081300814,0.04878048780487805,-9.62809917355372,16581.29,3.8524590163934427,0.17886178861788618,1.9119360520254696,122,0.16248717975587196
f3da5b2ff499efb8d4a6d371d175d7dd,79,0.12941176470588237,0.08235294117647059,-7.530120481927711,6006.65,3.8333333333333335,0.2,2.2128514056224895,79,0.14793542602991108
8b28d096634035667e8263d57ba3368c,143,0.12903225806451613,0.10967741935483871,-9.62251655629139,14383.46,3.861842105263158,0.18064516129032257,2.146348902056466,143,0.16605190339848372
5058e8c1e82653974541e83690655b4a,63,0.1282051282051282,0.08974358974358974,-15.87012987012987,24018.800000000003,3.0789473684210527,0.358974358974359,2.4470175438596495,63,0.17317286562312897
ba143b05f0110f0dc71ad71b4466ce92,85,0.12790697674418605,0.08139534883720931,-7.761904761904762,7641.7300000000005,4.423529411764706,0.09302325581395349,1.2232492997198878,85,0.12879808022009614
59b22a78efb79a4797979612b885db36,125,0.12781954887218044,0.09774436090225563,-9.691729323308271,34845.08,3.9696969696969697,0.20300751879699247,2.3196854036548684,125,0.15572255924925552
2eb70248d66e0e3ef83659f71b244378,202,0.12735849056603774,0.09433962264150944,-9.49746192893401,50530.24,2.7163461538461537,0.49056603773584906,2.687267744332961,202,0.24911475019451224
a888faf2d1baececa6baf9c3d603ee1f,54,0.12727272727272726,0.05454545454545454,-10.24074074074074,19304.32,4.054545454545455,0.16363636363636364,2.089562289562289,54,0.12579072778756634
7e1fb0a3ebfb01ffb3a7dae98bf3238d,159,0.12643678160919541,0.09195402298850575,-10.195266272189349,36073.29,4.133720930232558,0.1206896551724138,1.6486808105535156,159,0.15523269570820442
440dd6ab244315c632130ecfb63827b1,94,0.12631578947368421,0.10526315789473684,-10.717391304347826,16173.68,3.851063829787234,0.15789473684210525,1.956074124914208,94,0.14936822139358566
dd7ddc04e1b6c2c614352b383efe2d36,122,0.1258741258741259,0.1048951048951049,-7.47887323943662,16061.36,3.75,0.20279720279720279,2.116906474820144,122,0.16152786647403916
75d34ebb1bd0bd7dde40dd507b8169c3,62,0.125,0.06944444444444445,-16.388059701492537,21543.25,3.8194444444444446,0.2361111111111111,2.319053208137716,62,0.13559350013645013
23613d49c3ac2bd302259e55c06c050c,70,0.125,0.075,-10.746835443037975,8924.35,3.6666666666666665,0.2875,2.718614718614719,70,0.14531863217186305
8e6d7754bc7e0f22c96d255ebda59eba,85,0.12213740458015267,0.061068702290076333,-5.815384615384615,76242.39,2.9689922480620154,0.45038167938931295,3.124031007751938,85,0.18324144100347275
855668e0971d4dfd7bef1b6a4133b41b,312,0.12195121951219512,0.0975609756097561,-8.349358974358974,42439.39,3.717391304347826,0.24085365853658536,2.3715969118244624,312,0.18850759290033303
7ad32824caee82087b3e2e5f33b1bf32,151,0.11956521739130435,0.09239130434782608,-9.955555555555556,35400.06,3.787709497206704,0.20108695652173914,2.15692674659469,151,0.15858696847419387
3df020b72d3d44b3af9d110fa3940b65,55,0.1188118811881188,0.039603960396039604,-10.267326732673267,17550.45,3.9504950495049505,0.16831683168316833,2.0275247524752484,55,0.12106320874391427
643214e62b870443ccbe55ab29a4dccf,66,0.11764705882352941,0.04411764705882353,-10.136363636363637,4313.43,4.432835820895522,0.04411764705882353,0.8249660786974218,66,0.11159215904107536
7e3f87d16fb353f408d467e74fbd8014,92,0.11702127659574468,0.05319148936170213,-9.75268817204301,6540.55,4.127659574468085,0.11702127659574468,1.6824525280256233,92,0.12850153202238612
2e90cb1677d35cfe24eef47d441b7c87,127,0.11678832116788321,0.08029197080291971,-10.153284671532846,19636.47,4.036496350364963,0.1678832116788321,2.0648346930012886,127,0.1403842391007484
7aa4334be125fcdd2ba64b3180029f14,217,0.11666666666666667,0.0875,-8.945147679324894,24439.79,4.054621848739496,0.1625,1.9759068184235726,217,0.15493210318836997
b33e7c55446eabf8fe1a42d037ac7d6d,152,0.11612903225806452,0.06451612903225806,-10.697368421052632,49510.15,4.15483870967742,0.14193548387096774,1.7421030582320902,152,0.14060230215072025
a416b6a846a11724393025641d4edd5e,162,0.11602209944751381,0.06629834254143646,-10.005681818181818,32997.9,4.1602209944751385,0.15469613259668508,2.024186617556784,162,0.1420567785085551
7d13fca15225358621be4086e1eb0964,565,0.11591695501730104,0.0986159169550173,-10.388791593695272,129169.98,4.001742160278746,0.1782006920415225,1.9912709560902622,565,0.18360766266481027
897060da8b9a21f655304d50fd935913,317,0.11574074074074074,0.09027777777777778,-9.09156626506024,61698.32,3.4004683840749412,0.3125,2.6866664467680397,317,0.19612124563558053
b1fc4f64df5a0e8b6913ab38803c57a9,107,0.11570247933884298,0.09917355371900827,-9.115702479338843,15140.36,3.7815126050420167,0.19834710743801653,2.019655319755021,107,0.1432585973257842
34056b8b55c1775a22af2331670a799c,78,0.11538461538461539,0.038461538461538464,-10.25974025974026,8229.89,4.0,0.15384615384615385,1.792207792207792,78,0.12604176497501024
0b35c634521043bf4b47e21547b99ab5,51,0.11538461538461539,0.10256410256410256,-14.272727272727273,33971.24,3.513157894736842,0.24358974358974358,2.3598245614035087,51,0.12977291383413506
e9bc59e7b60fc3063eb2290deda4cced,216,0.11524163568773234,0.05947955390334572,-13.35,67146.12,3.9442379182156135,0.18587360594795538,2.1871774954225156,216,0.15718832983954217
b2479f944e1b90cf8a5de1bbfde284d6,103,0.11450381679389313,0.10687022900763359,-7.930232558139535,10945.16,3.3333333333333335,0.33587786259541985,2.864583333333334,103,0.15954014539035247
972d0f9cf61b499a4812cf0bfa3ad3c4,83,0.11363636363636363,0.09090909090909091,-9.093023255813954,11896.84,2.9642857142857144,0.42045454545454547,2.8782271944922546,83,0.16985606567307335
318f287a62ab7ac10b703ac37435a231,52,0.11290322580645161,0.08064516129032258,-8.868852459016393,6097.04,3.870967741935484,0.20967741935483872,2.2781597038603913,52,0.11580018081193688
3db66a856d18a9cba7c9241fc5221c50,94,0.11224489795918367,0.07142857142857142,-11.26530612244898,12335.08,4.177083333333333,0.10204081632653061,1.5156798245614034,94,0.1223699424278633
4869f7a5dfa277a7dca6462dcf3b52b2,1132,0.1115916955017301,0.0847750865051903,-10.551393728222996,264166.13,4.12129144851658,0.1375432525951557,1.771301736817637,1132,0.19042149164121652
f46490624488d3ff7ce78613913a7711,83,0.10989010989010989,0.054945054945054944,-8.586206896551724,9189.43,3.4615384615384617,0.31868131868131866,3.05128205128205,83,0.14066085075693058
a673821011d0cec28146ea42f5ab767f,129,0.1095890410958904,0.08904109589041095,-8.914893617021276,21964.670000000002,3.920289855072464,0.18493150684931506,2.190680207341585,129,0.13606862059866212
165fc07beebdcb6190fba8a06db2a449,50,0.109375,0.09375,-10.234375,31264.99,3.7540983606557377,0.234375,2.355191256830602,50,0.11455305302765333
aba1721a889e04decc910aa13b768ef4,83,0.10869565217391304,0.043478260869565216,-10.978260869565217,19491.71,4.456521739130435,0.09782608695652174,1.2618251313903486,83,0.10806870241081253
b14db04aa7881970e83ffa9426897925,83,0.10810810810810811,0.08108108108108109,-10.00952380952381,14702.0,3.764705882352941,0.18018018018018017,2.0232964472917883,83,0.12723629321002758
6fd52c528dcb38be2eea044946b811f8,67,0.10714285714285714,0.05952380952380952,-10.702380952380953,14977.21,3.4814814814814814,0.3333333333333333,2.927777777777777,67,0.1298556702580793
b499c00f28f4b7069ff6550af8c1348a,152,0.10695187165775401,0.0855614973262032,-11.483516483516484,20808.79,4.120218579234972,0.12834224598930483,1.7107428091034642,152,0.13057917695496613
7d76b645482be4a332374e8223836592,176,0.10695187165775401,0.053475935828877004,-8.666666666666666,7356.38,3.9297297297297296,0.15508021390374332,1.7830787309048182,176,0.14087454862134455
04308b1ee57b6625f47df1d56f00eedf,94,0.10638297872340426,0.07446808510638298,-11.021739130434783,63184.99,3.913978494623656,0.20212765957446807,2.3186068256194488,94,0.12377558771301446
056b4ada5bbc2c50cc7842547dda6b51,65,0.10606060606060606,0.10606060606060606,-11.784615384615385,13988.51,4.123076923076923,0.15151515151515152,1.9221153846153838,65,0.10777323086963048
fd386aa7bed2af3c7035c65506c9b4a3,69,0.10526315789473684,0.06578947368421052,-9.06578947368421,4303.33,4.355263157894737,0.14473684210526316,1.645438596491228,69,0.10268266446040746
77530e9772f57a62c906e1c21538ab82,320,0.10512820512820513,0.06666666666666667,-10.350785340314136,83765.19,4.051546391752577,0.17435897435897435,1.961160393191082,320,0.14975547299985695
c3867b4666c7d76867627c2f7fb22e21,245,0.10384615384615385,0.08846153846153847,-9.351239669421487,48809.81,3.8464566929133857,0.21923076923076923,2.383445893374,245,0.14863224814354833
70a12e78e608ac31179aea7f8422044b,315,0.10365853658536585,0.07317073170731707,-9.863777089783282,40297.7,3.766153846153846,0.21036585365853658,2.155023741690408,315,0.15841939527572377
4a3ca9315b744ce9f8e9374361493884,1806,0.10344827586206896,0.08045977011494253,-9.092205807437596,312113.91,3.806008146639511,0.191904047976012,2.0953077452214224,1806,0.20383624508439355
50c9975695009e5e6473912e83a6d1da,50,0.10294117647058823,0.08823529411764706,-8.235294117647058,9751.06,3.985074626865672,0.16176470588235295,2.014925373134328,50,0.10156566544105028
7681ef142fd2c19048da7430856b5588,59,0.10256410256410256,0.0641025641025641,-8.909090909090908,68622.27,4.12,0.15384615384615385,1.8637837837837832,59,0.10192543097391338
f27e33c6d29b5138fa9967bcd445b6d5,93,0.10204081632653061,0.04081632653061224,-10.010204081632653,11944.27,4.091836734693878,0.16326530612244897,1.7956027771933512,93,0.11329912175236916
4e922959ae960d389249c378d1c939f5,420,0.1013215859030837,0.05726872246696035,-12.452914798206278,61041.15,3.89532293986637,0.20044052863436124,2.205536111994909,420,0.157175451481244
f84a00e60c73a49e7e851c9bdca3a5bb,90,0.10101010101010101,0.09090909090909091,-10.237113402061855,8957.83,3.6530612244897958,0.26262626262626265,2.5588049652850837,90,0.12472891813065043
8444e55c1f13cd5c179851e5ca5ebd00,99,0.10091743119266056,0.09174311926605505,-20.69607843137255,30152.510000000002,3.0654205607476634,0.3944954128440367,3.0428495856110036,99,0.1516078907168266
99eaacc9e6046db1c82b163c5f84869f,66,0.1,0.07142857142857142,-8.283582089552239,16503.12,3.9,0.2,1.9463768115942026,66,0.10781263126643505
42b729f859728f5079499127a9c2ef37,104,0.09848484848484848,0.08333333333333333,-6.595419847328245,8993.57,4.3538461538461535,0.09090909090909091,1.4242098986285021,104,0.10527349009217013
213b25e6f54661939f11710a6fddb871,155,0.0979381443298969,0.05154639175257732,-10.43157894736842,28009.7,3.7853403141361257,0.20618556701030927,2.1273629098925317,155,0.13065497034341855
527801b552d0077ffd170872eb49683b,90,0.09782608695652174,0.07608695652173914,-10.826086956521738,20926.28,4.483516483516484,0.07608695652173914,1.1413919413919416,90,0.09842268584391783
8648b1e89e9b349e32d3741b30ec737e,95,0.0970873786407767,0.038834951456310676,-11.29,10025.460000000001,4.029126213592233,0.17475728155339806,2.263849229011993,95,0.1099842937703093
1835b56ce799e6a4dc4eddc053f04066,423,0.09660107334525939,0.06797853309481217,-10.164855072463768,75415.85,3.5942028985507246,0.25402504472271914,2.521055261842763,423,0.16259815089008506
8b321bb669392f5163d04c59e235e066,943,0.0962671905697446,0.0618860510805501,-9.378109452736318,39510.57,3.998025666337611,0.16994106090373282,1.9565178372852512,943,0.16494201290788726
37515688008a7a40ac93e3b2e4ab203f,228,0.09583333333333334,0.058333333333333334,-7.418410041841004,10745.6,4.084388185654008,0.10833333333333334,1.4589501537581349,228,0.12749319318773314
729f06993dac8e860d4f02d7088ca48a,96,0.09565217391304348,0.0782608695652174,-10.63716814159292,29081.11,4.2894736842105265,0.09565217391304348,1.5703306939916168,96,0.10201276015014211
ea8482cd71df3c1969d7b9473ff13abc,1146,0.09559434746467166,0.057356608478802994,-9.486531986531986,61576.23,3.9522613065326633,0.16541978387364922,1.91473503308664,1146,0.17039690834949675
fa1c13f2614d7b5c4749cbc52fecda94,585,0.09556313993174062,0.06996587030716724,-9.765112262521589,206513.23,4.34020618556701,0.10409556313993173,1.4537679436449777,585,0.14032846017925116
a3e9a2c700480d9bb01fba070ba80a0e,130,0.09523809523809523,0.04081632653061224,-9.63013698630137,21682.52,4.055555555555555,0.14285714285714285,1.8150738150738146,130,0.11448604281489982
ececbfcff9804a2d6b40f589df8eef2b,98,0.09523809523809523,0.06666666666666667,-11.211538461538462,10039.91,4.123809523809523,0.13333333333333333,1.5326007326007332,98,0.10612286028024458
4e17c65a516f69d023a2ae78b84f28d6,61,0.0945945945945946,0.0945945945945946,-20.16216216216216,10705.1,4.081081081081081,0.20270270270270271,2.239911144020733,61,0.09566205528250214
f7ccf836d21b2fb1de37564105216cc1,70,0.0945945945945946,0.05405405405405406,-8.32876712328767,4480.38,3.8194444444444446,0.20270270270270271,2.4880672926447565,70,0.10557202250755887
1900267e848ceeba8fa32d80c1a5f5a8,411,0.09416195856873823,0.047080979284369114,-9.470476190476191,59691.3,3.8505747126436782,0.1958568738229755,2.1810841220464625,411,0.14723811209304014
1336efc61c316ddf92c899eb817f7cae,74,0.09411764705882353,0.058823529411764705,-10.670588235294117,8538.58,3.9404761904761907,0.16470588235294117,1.9843660355708546,74,0.10312251687564956
e9d99831abad74458942f21e16f33f92,130,0.09395973154362416,0.0738255033557047,-9.194630872483222,9824.44,3.9452054794520546,0.1476510067114094,1.8590458195559758,130,0.11610858650987081
f0b47fbbc6dee9aafe415a6e33051b3f,68,0.09302325581395349,0.023255813953488372,-12.08235294117647,8568.09,4.232558139534884,0.13953488372093023,1.8041039671682635,68,0.09305728581532437
16090f2ca825584b5a147ab24aa30c86,402,0.09268292682926829,0.05365853658536585,-9.027093596059114,32015.73,4.044226044226044,0.14390243902439023,1.732029387201801,402,0.1374797037416166
54a1852d1b8f10312c55e906355666ee,200,0.09268292682926829,0.07317073170731707,-10.236453201970443,21782.48,4.349753694581281,0.08780487804878048,1.327561820221431,200,0.11300083987726903
634964b17796e64304cadf1ad3050fb7,268,0.09202453987730061,0.0736196319018405,-9.61609907120743,83435.13,3.8584615384615386,0.19325153374233128,2.189781576448244,268,0.13343420306826234
8d956fec2e4337affcb520f56fd8cbfd,211,0.09170305676855896,0.03056768558951965,-10.078947368421053,17026.65,4.206140350877193,0.10043668122270742,1.433089883298554,211,0.116785293464943
f262cbc1c910c83959f849465454ddd3,192,0.09134615384615384,0.04807692307692308,-9.299019607843137,15215.65,4.086956521739131,0.16826923076923078,1.8758970029548323,192,0.11762457101838351
7c67e1448b00f6e969d365cea6b010ab,982,0.09117432530999271,0.06929248723559446,-10.886196769456681,521004.5,3.3473451327433628,0.2910284463894967,2.403985566404336,982,0.18768504967081548
ce248b21cb2adc36282ede306b7660e5,65,0.09090909090909091,0.06060606060606061,-9.861538461538462,17877.42,4.184615384615385,0.13636363636363635,1.840384615384616,65,0.09101856892771311
23d7c96d4a1160db1c726b248601b25a,53,0.09090909090909091,0.05454545454545454,-10.307692307692308,13996.48,3.8076923076923075,0.18181818181818182,1.9230769230769234,53,0.09523745198408737
8e8a7ce9f2f970dc00e2acf6f6e199f6,65,0.09090909090909091,0.045454545454545456,-10.4375,10575.5,4.0625,0.10606060606060606,1.3611111111111107,65,0.09375451170968226
391fc6631aebcf3004804e51b40bcf1e,526,0.09061488673139159,0.059870550161812294,-11.044262295081968,71412.02,3.952224052718287,0.16828478964401294,1.9069546163842068,526,0.14369166835022817
cfb1a033743668a192316f3c6d1d2671,147,0.09042553191489362,0.05319148936170213,-10.950819672131148,31553.28,3.907103825136612,0.19680851063829788,2.2715426649852875,147,0.1156548682017569
5343d0649eca2a983820bfe93fc4d17e,71,0.09009009009009009,0.05405405405405406,-12.090909090909092,23271.66,3.6132075471698113,0.27927927927927926,2.639442946990117,71,0.10663246739013992
4a3ccda38b2129705f3fb522db62ca31,66,0.08974358974358974,0.0641025641025641,-10.561643835616438,27052.49,3.717948717948718,0.24358974358974358,2.516816516816517,66,0.10149258046805779
4c2b230173bb36f9b240f2b8ac11786e,261,0.08959537572254335,0.049132947976878616,-7.947521865889213,34161.87,3.757309941520468,0.24566473988439305,2.565562243830493,261,0.13278061318655707
522620dcb18a6b31cd7bdf73665113a9,174,0.08888888888888889,0.07222222222222222,-13.53370786516854,70930.75,3.914285714285714,0.18333333333333332,2.285714285714287,174,0.11728629948893626
6a8b085f816a1f75f92dbac6eb545f8f,127,0.08888888888888889,0.05925925925925926,-9.488721804511279,9264.76,4.140740740740741,0.1111111111111111,1.5845218352681036,127,0.1041580736440705
1f50f920176fa81dab994f9023523100,1404,0.088659793814433,0.059278350515463915,-10.206201550387597,295235.71,3.98287493513233,0.18041237113402062,2.0988758426061116,1404,0.16133767852993464
620c87c171fb2a6dd6e8bb4dec959fc6,740,0.0885286783042394,0.06608478802992519,-13.256050955414013,146324.44,4.209183673469388,0.13591022443890274,1.8080381577918534,740,0.13898123887496458
de23c3b98a88888289c6f5cc1209054a,164,0.08839779005524862,0.049723756906077346,-9.9438202247191,34646.6,4.3,0.10497237569060773,1.473743016759777,164,0.10496611535707218
f84fa566034f5e8e880a07ec624c56af,91,0.08823529411764706,0.06862745098039216,-7.55,7739.09,4.267326732673268,0.11764705882352941,1.6178217821782177,91,0.0934967885113866
0dd184061fb0eaa7ca37932c68ab91c5,161,0.08808290155440414,0.06735751295336788,-10.564766839378239,35563.1,3.9476439790575917,0.15025906735751296,1.860402314687241,161,0.11351840478071733
9c0e69c7bf2619675bbadf47b43f655a,157,0.08737864077669903,0.043689320388349516,-7.49,65247.45,4.024752475247524,0.1553398058252427,1.9844588936505605,157,0.1099105287863842
a420f60ff1aa9acc80d0e42959f2b313,67,0.08695652173913043,0.07246376811594203,-12.18840579710145,8983.91,3.925373134328358,0.15942028985507245,1.9185888738127546,67,0.0934723148443707
8581055ce74af1daba164fdbd55a40de,387,0.08695652173913043,0.06864988558352403,-8.600467289719626,95365.14,4.222222222222222,0.11899313501144165,1.5653518948182523,387,0.12276670035837406
d05ae8f7a5bd1d2a690a44cd079e4e27,78,0.08641975308641975,0.06172839506172839,-10.5625,15853.4,3.7875,0.2345679012345679,2.371993670886076,78,0.0996981134083662
aac29b1b99776be73c3049939652091d,98,0.08633093525179857,0.08633093525179857,-11.106060606060606,17166.37,3.9393939393939394,0.15827338129496402,2.0421003932454305,98,0.10070102161888751
fe2032dab1a61af8794248c8196565c9,294,0.08496732026143791,0.06862745098039216,-10.504918032786886,77428.42,4.395348837209302,0.0915032679738562,1.313178294573643,294,0.10993599696351489
5d0363b33554b373851fc1622e4d5f3c,94,0.08421052631578947,0.07368421052631578,-8.26595744680851,9084.09,4.052631578947368,0.12631578947368421,1.6674132138857778,94,0.0946260133319593
218d46b86c1881d022bce9c68a7d4b15,388,0.08411214953271028,0.06775700934579439,-11.157142857142857,76916.67,4.133333333333334,0.1308411214953271,1.78170246618934,388,0.12135713165337504
d673a59aac7a70d8b01e6902bf090a11,79,0.08333333333333333,0.047619047619047616,-11.511904761904763,6971.31,3.9642857142857144,0.14285714285714285,1.7697934595524947,79,0.09211467400215365
7040e82f899a04d1b434b795a43b4617,212,0.08333333333333333,0.06578947368421052,-9.780269058295964,15423.43,3.528888888888889,0.2894736842105263,2.402063492063492,212,0.12660482129351602
e59aa562b9f8076dd550fcddf0e73491,70,0.08333333333333333,0.05952380952380952,-11.682926829268293,40730.23,4.25,0.10714285714285714,1.4668674698795177,70,0.08358195837335912
ce7d1888639e6fb06b2749cbfdac1ff7,78,0.08333333333333333,0.08333333333333333,-12.214285714285714,17726.48,4.107142857142857,0.19047619047619047,2.048623063683304,78,0.08865546367324391
6860153b69cc696d5dcfe1cdaaafcf62,74,0.08333333333333333,0.05952380952380952,-8.94047619047619,6764.07,4.156626506024097,0.14285714285714285,2.0117543344108126,74,0.08655833657572794
e067ad2c1c0b48758eb1b5228bcf7a68,54,0.08196721311475409,0.06557377049180328,-9.967213114754099,7105.99,4.131147540983607,0.11475409836065574,1.6158469945355196,54,0.07951057907207283
17f51e7198701186712e53a39c564617,56,0.08196721311475409,0.06557377049180328,-11.836065573770492,67584.27,4.344262295081967,0.08196721311475409,1.2295081967213115,56,0.07628398618555755
76d5af76d0271110f9af36c92573f765,131,0.08176100628930817,0.050314465408805034,-11.858064516129032,47178.08,4.137254901960785,0.1320754716981132,1.803405572755418,131,0.09649461011281299
cbd996ad3c1b7dc71fd0e5f5df9087e2,165,0.08163265306122448,0.061224489795918366,-10.708994708994709,15582.31,4.104972375690608,0.12244897959183673,1.6722529158993233,165,0.10165844916554886
1d8dbc4f32378d715c717c1c1fc57bae,92,0.08163265306122448,0.061224489795918366,-11.494845360824742,16865.93,3.8842105263157896,0.1836734693877551,2.12474804031355,92,0.09525954357603215
70c27847eca8195c983ed7e798c56743,77,0.08163265306122448,0.05102040816326531,-11.244897959183673,20305.99,4.204081632653061,0.1836734693877551,2.061014096360194,77,0.08459628789688527
7ddcbb64b5bc1ef36ca8c151f6ec77df,334,0.08139534883720931,0.061046511627906974,-9.492537313432836,66558.51,3.911764705882353,0.18313953488372092,2.0511886170397338,334,0.12097946027053381
3b15288545f8928d3e65a8f949a28291,104,0.08130081300813008,0.08130081300813008,-10.983333333333333,26008.0,3.9316239316239314,0.15447154471544716,1.9780430297671674,104,0.09623778030548431
3be634553519fb6536a03e1358e9fdc7,83,0.08080808080808081,0.050505050505050504,-10.242105263157894,10214.86,3.9587628865979383,0.18181818181818182,1.7066151202749138,83,0.09044386142420062
3c7c4a49ec3c6550809089c6a2ca9370,141,0.08074534161490683,0.043478260869565216,-8.748427672955975,8053.57,3.68944099378882,0.2795031055900621,2.8029503105590066,141,0.10846086152999392
1025f0e2d44d7041d6cf58b6550e0bfa,915,0.07966457023060797,0.039832285115303984,-10.531974701335207,309453.87,3.865862313697658,0.19776380153738643,2.177306802051745,915,0.1405413924682185
e5a38146df062edaf55c38afa99e42dc,121,0.07936507936507936,0.06349206349206349,-10.032,19362.48,3.952,0.1746031746031746,1.9976774193548381,121,0.09647558489037611
ef506c96320abeedfb894c34db06f478,324,0.07917888563049853,0.06451612903225806,-10.72072072072072,16953.31,3.9077380952380953,0.17302052785923755,1.9645966595593463,324,0.11719230446291737
715bbd5ba4e6b74cb0d2f29eb45058b0,62,0.078125,0.0625,-12.9375,5901.96,4.46875,0.0625,1.1101190476190481,62,0.07243242528656527
058fd0aa2bfdb2274e05e1ae971dabb6,61,0.078125,0.046875,-11.206349206349206,9366.03,4.40625,0.09375,1.419642857142857,61,0.07317614157881368
c826c40d7b19f62a09e2d7c5e7295ee2,354,0.0777479892761394,0.05630026809651475,-9.26027397260274,55764.02,4.0431266846361185,0.16621983914209115,2.0738107379616815,354,0.11291888346195889
b2ba3715d723d245138f291a6fe42594,337,0.07713498622589532,0.0440771349862259,-9.505714285714285,64928.08,4.105849582172702,0.14049586776859505,1.809993619769377,337,0.10939528006361003
c70c1b0d8ca86052f45a432a38b73958,261,0.07692307692307693,0.03550295857988166,-8.443452380952381,64762.56,4.323262839879154,0.10650887573964497,1.5406390185846366,261,0.09907660220098494
9646c3513289980f17226a2fc4720dbd,71,0.07692307692307693,0.07692307692307693,-12.407894736842104,5560.64,4.256410256410256,0.1282051282051282,1.3879453879453878,71,0.07728914672920582
4b9750c8ad28220fe6702d4ecb7c898f,218,0.07657657657657657,0.04054054054054054,-8.773755656108598,20116.26,4.34841628959276,0.07207207207207207,1.2007815713698067,218,0.09490274999259683
7142540dd4c91e2237acb7e911c4eba2,319,0.0755287009063444,0.0513595166163142,-13.271341463414634,47434.8,4.057926829268292,0.13595166163141995,1.5837901842321178,319,0.10736363900914728
4c18691b6037662be2df78a765d98ab5,63,0.07462686567164178,0.029850746268656716,-10.761194029850746,5165.59,3.923076923076923,0.14925373134328357,1.8533653846153852,63,0.07911249646426065
17e34d8224d27a541263c4c64b11a56b,255,0.07462686567164178,0.05223880597014925,-10.319230769230769,66163.96,4.139097744360902,0.13805970149253732,1.7730316356930051,255,0.09997812031338969
5656537e588803a555b8eb41f07a944b,174,0.07446808510638298,0.0425531914893617,-11.27027027027027,14846.61,3.8031914893617023,0.2127659574468085,2.340738423028786,174,0.10112867641248839
d1c281d3ae149232351cd8c8cc885f0d,215,0.0743801652892562,0.045454545454545456,-11.020746887966805,42467.340000000004,3.782978723404255,0.2231404958677686,2.315948354246226,215,0.10568764079104585
2a7dc43cecabf23403078e2188437d1d,52,0.07407407407407407,0.05555555555555555,-9.555555555555555,5969.43,4.134615384615385,0.09259259259259259,1.3736802413273,52,0.07113012213771243
f5a590cf36251cf1162ea35bef76fe84,117,0.07377049180327869,0.04918032786885246,-10.440677966101696,61926.55,4.237704918032787,0.12295081967213115,1.6868310527028847,117,0.08304866851100771
624f4ece8da4aafb77699233d480f8ef,53,0.07272727272727272,0.05454545454545454,-10.38888888888889,12376.55,4.185185185185185,0.12727272727272726,1.512229210342418,53,0.06931782413981362
e9779976487b77c6d4ac45f75ec7afe9,657,0.072,0.048,-9.193766937669377,66980.0,4.162853297442799,0.12933333333333333,1.713335243948007,657,0.11223618073267996
c9c7905cffc4ef9ff9f113554423e671,127,0.07194244604316546,0.05755395683453238,-9.496402877697841,15787.12,4.1521739130434785,0.1079136690647482,1.516820057124723,127,0.08406847419499881
e24fc9fcd865784fb25705606fe3dfe7,52,0.07142857142857142,0.07142857142857142,-12.872727272727273,16938.48,4.196428571428571,0.10714285714285714,1.2152597402597405,52,0.06757943682641909
ef0ace09169ac090589d85746e3e036f,129,0.07142857142857142,0.04285714285714286,-11.086330935251798,21746.870000000003,4.3428571428571425,0.1,1.4067831449126413,129,0.08005813240880891
da8622b14eb17ae2831f4ac5b9dab84a,1314,0.07106274007682459,0.04353393085787452,-10.67735728030789,279336.84,4.0711952971913785,0.1440460947503201,1.8099605964746002,1314,0.125354733547134
c8b0e2b0a7095e5d8219575d5e7e1181,84,0.07058823529411765,0.058823529411764705,-10.152941176470588,14010.79,4.0476190476190474,0.15294117647058825,2.0218014916810096,84,0.07747737831387957
66922902710d126a0e7d26b0e3805106,151,0.07051282051282051,0.038461538461538464,-9.612903225806452,19125.82,4.451612903225806,0.0641025641025641,1.015500628403855,151,0.0795774460056011
70eea00b476a314817cefde4aad4f89a,108,0.06956521739130435,0.043478260869565216,-11.654867256637168,37981.25,4.342342342342342,0.08695652173913043,1.2817362817362814,108,0.07515635791844631
00ee68308b45bc5e2660cd833c3f81cc,135,0.06936416184971098,0.04046242774566474,-10.202312138728324,37436.95,4.323529411764706,0.09826589595375723,1.4035851026801258,135,0.07881574430342139
955fee9216a65b617aa5c0531780ce60,1287,0.06866666666666667,0.048666666666666664,-9.701968771215206,236416.05000000002,4.050437121721587,0.14333333333333334,1.7249106432509274,1287,0.1213971243467387
edb1ef5e36e0c8cd84eb3c9b003e486d,166,0.06857142857142857,0.045714285714285714,-12.925287356321839,86327.52,4.434285714285714,0.08,1.2011165845648601,166,0.07914423421263024
f4aba7c0bca51484c30ab7bdc34bcdd1,110,0.06837606837606838,0.03418803418803419,-15.182608695652174,5128.39,3.8947368421052633,0.17094017094017094,1.7764322310200276,110,0.08268059489483424
6d66611d7c44cc30ce351abc49a68421,166,0.06818181818181818,0.045454545454545456,-10.172413793103448,19371.48,3.913793103448276,0.16477272727272727,1.8711381303567862,166,0.08916008443737639
f214d28e8d8e3ef068748498ccc2f813,54,0.06779661016949153,0.03389830508474576,-12.614035087719298,3512.82,4.017241379310345,0.1694915254237288,2.0172413793103448,54,0.06762939542983439
ccc4bbb5f32a6ab2b7066a4130f114e3,187,0.06770833333333333,0.0625,-16.275132275132275,84993.28,4.275132275132275,0.11458333333333333,1.5196442643251162,187,0.08293328371669492
7ea5bfa6c340f58f8e71fc1f0412b0d6,98,0.0673076923076923,0.04807692307692308,-9.509803921568627,13854.82,4.077669902912621,0.125,1.7193984389872445,98,0.07584893342369593
827f8f69dfa529c561901c4f2e0f332f,91,0.0673076923076923,0.038461538461538464,-10.48076923076923,6826.42,4.264705882352941,0.125,1.4836924868957488,91,0.07136509823194108
1554a68530182680ad5c8b042c3ab563,247,0.06691449814126393,0.055762081784386616,-13.247191011235955,39555.71,4.249056603773585,0.11895910780669144,1.6271297884505431,247,0.0868259361994855
bd0389da23d89b726abf911cccc54596,87,0.06666666666666667,0.05555555555555555,-11.866666666666667,10994.1,4.2,0.1111111111111111,1.4651685393258431,87,0.0710688383250509
d650b663c3b5f6fb392b6326366efa9a,60,0.06666666666666667,0.05,-11.052631578947368,20423.42,4.2,0.11666666666666667,1.6203389830508477,60,0.06525196609798907
48436dade18ac8b2bce089ec2a041202,138,0.06622516556291391,0.052980132450331126,-9.45578231292517,18030.25,4.046357615894039,0.1456953642384106,1.804503311258278,138,0.08076062083683622
dc4a0fc896dc34b0d5bfec8438291c80,231,0.06614785992217899,0.06614785992217899,-10.927710843373495,38218.69,3.782258064516129,0.20233463035019456,2.1386313177484655,231,0.09525791591906434
f45122a9ab94eb4f3f8953578bc0c560,187,0.065,0.05,-9.847715736040609,27997.170000000002,3.91,0.195,2.2029145728643225,187,0.08705082546904008
d6b1ce66b035a475f00c017792ff9769,92,0.06481481481481481,0.027777777777777776,-12.083333333333334,19485.42,4.165048543689321,0.12037037037037036,1.5117075956596229,92,0.07053449526382408
8a130737016f838139d31878787a39c9,56,0.06451612903225806,0.03225806451612903,-10.14516129032258,6079.1,4.354838709677419,0.08064516129032258,1.0195663670015864,56,0.05989705581977112
004c9cd9d87a3c30c522c48c4fc07416,158,0.06395348837209303,0.06395348837209303,-11.33529411764706,28921.52,4.140243902439025,0.14534883720930233,1.6550576088582967,158,0.07829831130600146
f457c46070d02cadd8a68551231220dd,199,0.0635593220338983,0.0423728813559322,-11.65948275862069,34707.26,3.743362831858407,0.2288135593220339,2.3160668633235004,199,0.08996121264874506
5b925e1d006e9476d738aa200751b73b,63,0.06349206349206349,0.047619047619047616,-10.571428571428571,8801.84,4.576271186440678,0.047619047619047616,0.8001168907071894,63,0.05770114095666563
2e1c9f22be269ef4643f826c9e650a52,167,0.06321839080459771,0.05172413793103448,-9.845238095238095,16370.29,4.158823529411765,0.12643678160919541,1.7556909154194225,167,0.07788951731847449
92eb0f42c21942b6552362b9b114707d,341,0.06301369863013699,0.024657534246575342,-9.888268156424582,13320.92,3.930939226519337,0.16712328767123288,1.948125985216019,341,0.0935331187184768
a17f621c590ea0fab3d5d883e1630ec6,65,0.0625,0.0375,-9.923076923076923,5976.99,4.092105263157895,0.1625,2.0314035087719304,65,0.06398990361615922
96493fab2fbb13a14d0c0e8772eef5c3,63,0.0625,0.015625,-9.671875,20629.67,4.031746031746032,0.15625,1.611879160266257,63,0.06447087456979805
4371b634e0efc0e22b09b52907d9d469,102,0.0625,0.03571428571428571,-10.17117117117117,13201.88,4.405405405405405,0.08928571428571429,1.3523341523341537,102,0.06575344040049713
f80edd2c5aaa505cc4b0a3b219abf4b8,119,0.0625,0.0546875,-11.6,14292.15,4.078740157480315,0.15625,1.9143857017872772,119,0.0733604550353909
59fb871bf6f4522a87ba567b42dafecf,126,0.0625,0.046875,-14.168,24396.96,4.21259842519685,0.09375,1.4544431946006748,126,0.0718705327079721
08633c14ef2db992c11f840f04fad4cd,74,0.061855670103092786,0.041237113402061855,-11.164948453608247,15190.25,4.237113402061856,0.1134020618556701,1.3494415807560134,74,0.0630290235552746
9de4643a8dbde634fe55621059d92273,72,0.06172839506172839,0.037037037037037035,-11.11111111111111,22181.01,4.530864197530864,0.06172839506172839,1.0021604938271602,72,0.05845312590120424
0be8ff43f22e456b4e0371b2245e4d01,161,0.06111111111111111,0.044444444444444446,-11.24,17415.05,3.8944444444444444,0.2,2.161980136561141,161,0.07983389399080773
01fdefa7697d26ad920e9e0346d4bd1b,129,0.061068702290076333,0.030534351145038167,-13.138461538461538,18232.69,4.346153846153846,0.061068702290076333,1.1738223017292782,129,0.06839472848035946
8e6cc767478edae941d9bd9eb778d77a,106,0.06086956521739131,0.034782608695652174,-13.045871559633028,10231.380000000001,3.9,0.1826086956521739,2.0724770642201844,106,0.07293155371512451
834f3294fba9f932f56edc879193f925,66,0.06060606060606061,0.045454545454545456,-8.863636363636363,44367.38,4.545454545454546,0.045454545454545456,0.8055944055944056,66,0.056062568258546205
6d803cb79cc31c41c4c789a75933b3c7,58,0.06060606060606061,0.06060606060606061,-13.424242424242424,12302.13,4.2727272727272725,0.07575757575757576,1.2475524475524478,58,0.057837410551854186
05d2173d43ea568aa0540eba70d2ca76,62,0.06060606060606061,0.045454545454545456,-10.909090909090908,8262.74,4.0,0.16666666666666666,1.936507936507936,62,0.06277476858168989
17a053fcb14bd219540cbde0df490be0,125,0.06040268456375839,0.03355704697986577,-9.47972972972973,70992.67,4.204081632653061,0.11409395973154363,1.6292982946603303,125,0.06948590346535485
aced59e9b31ef866a94f9e7f29d8d418,61,0.05970149253731343,0.014925373134328358,-10.701492537313433,11284.1,4.447761194029851,0.05970149253731343,0.947987336047037,61,0.05539777698047103
25c5c91f63607446a97b143d2d535d31,158,0.05904059040590406,0.04797047970479705,-11.332089552238806,162831.72,3.6977611940298507,0.2177121771217712,2.316549276091454,158,0.08093305140776343
1bb2bdb95f4841f1bba2c0d2cd83d3c9,81,0.058823529411764705,0.058823529411764705,-12.626506024096386,6424.67,4.583333333333333,0.047058823529411764,0.8965863453815258,81,0.056556824563819295
688756f717c462a206ad854c5027a64a,83,0.058823529411764705,0.0196078431372549,-7.03,12561.37,3.795918367346939,0.17647058823529413,1.8548285293498843,83,0.06866224640838783
537eb890efff034a88679788b647c564,160,0.057803468208092484,0.023121387283236993,-11.830409356725147,9002.93,4.167630057803469,0.10404624277456648,1.5124344669982528,160,0.07047717565859171
cb3dd9ce66268c7a3ca7241ac70ab58c,50,0.057692307692307696,0.038461538461538464,-12.86,3906.61,4.254901960784314,0.11538461538461539,1.5537254901960793,50,0.05331170877408914
3d871de0142ce09b7081e2b9d1733cb1,1080,0.05749128919860627,0.04355400696864112,-12.506183745583039,132123.86,4.115622241835834,0.12369337979094076,1.605877638091435,1080,0.09758270569473539
6560211a19b47992c3666cc44a7e94c0,1854,0.057465618860510805,0.03536345776031434,-11.135567783891945,180068.96,3.9095876800794835,0.17730844793713163,1.9868513706632496,1854,0.11061666699296757
46dc3b2cc0980fb8ec44634e21d2718e,521,0.05719557195571956,0.03505535055350553,-11.658396946564885,148864.34,4.181308411214953,0.13284132841328414,1.7741818054534633,521,0.08559781809869371
d50d79cb34e38265a8649c383dcffd48,70,0.05714285714285714,0.02857142857142857,-12.814285714285715,15337.46,4.246376811594203,0.08571428571428572,1.1295822676896843,70,0.05736224505428585
ceaec5548eefc6e23e6607c5435102e7,203,0.05687203791469194,0.03317535545023697,-14.650485436893204,64675.65,4.14975845410628,0.11848341232227488,1.6425120772946855,203,0.07288431971877933
0241d4d5d36f10f80c644447315af0bd,238,0.056451612903225805,0.020161290322580645,-12.435483870967742,43129.24,4.297959183673469,0.12096774193548387,1.5461023753763803,238,0.07193069717521783
951e8cef368f09bb3f3d03c00ca4702c,64,0.056338028169014086,0.028169014084507043,-10.27536231884058,7105.6900000000005,4.117647058823529,0.1267605633802817,1.80684811237928,64,0.05711435298851174
41b39e28db005d9731d9d485a83b4c38,195,0.05603448275862069,0.034482758620689655,-17.915178571428573,32097.3,4.149779735682819,0.13793103448275862,1.818174730030018,195,0.0712703911312562
7a241947449cc45dbfda4f9d0798d9d0,62,0.05555555555555555,0.027777777777777776,-14.848484848484848,23384.66,3.5774647887323945,0.2638888888888889,2.7046277665995975,62,0.06434001871692888
5a8e7d5003a1f221f9e1d6e411de7c23,139,0.055248618784530384,0.016574585635359115,-11.849162011173185,25252.29,4.173184357541899,0.11602209944751381,1.6496139602033766,139,0.06542220400179469
8a32e327fe2c1b3511609d81aaf9f042,132,0.055248618784530384,0.0,-13.66470588235294,15141.869999999999,3.7796610169491527,0.19889502762430938,2.2409476117103235,132,0.07148393294975186
5dceca129747e92ff8ef7a997dc4f8ca,325,0.05491329479768786,0.04046242774566474,-10.807580174927114,132962.5,3.9911764705882353,0.1936416184971098,2.13856498351553,325,0.07962003289223707
81a1104df0f08b59c68aa5b03cfe398e,73,0.0547945205479452,0.0273972602739726,-13.125,11235.27,4.267605633802817,0.0821917808219178,1.4273641851106642,73,0.055262646885934456
7202e2ba20579a9bd1acb29e61fe71f6,53,0.05454545454545454,0.01818181818181818,-11.584905660377359,14703.5,3.8333333333333335,0.2,2.1415094339622636,53,0.05676024730289086
6edacfd9f9074789dad6d62ba7950b9c,208,0.05454545454545454,0.02727272727272727,-11.161290322580646,19095.58,4.360730593607306,0.1,1.4334967114909305,208,0.06682367641201105
c003204e1ab016dfa150abc119207b24,197,0.054455445544554455,0.034653465346534656,-10.925,31661.510000000002,4.422885572139304,0.0594059405940594,1.0752736318407958,197,0.06511019392612467
4830e40640734fc1c52cd21127c341d4,210,0.05429864253393665,0.03167420814479638,-10.532710280373832,14992.54,4.1045454545454545,0.13574660633484162,1.7835408883354094,210,0.07079922366559341
5f2684dab12e59f83bef73ae57724e45,68,0.05405405405405406,0.05405405405405406,-10.424657534246576,11714.54,3.77027027027027,0.24324324324324326,2.6999259533506113,68,0.060704035908204446
4992e76a42cb3aad7a7047e0d3d7e729,57,0.05405405405405406,0.04054054054054054,-9.917808219178083,6164.4,3.8378378378378377,0.17567567567567569,2.302110329507589,57,0.05718933817671013
2528513dd95219a6013d4d05176e391a,161,0.05389221556886228,0.03592814371257485,-11.674698795180722,39510.05,3.96319018404908,0.16766467065868262,2.0727107475573727,161,0.06918210474208772
09f952a5f58d2285b0372551ae8f9b01,50,0.05357142857142857,0.03571428571428571,-11.553571428571429,16628.4,3.875,0.16071428571428573,1.9295454545454545,50,0.05435703639711049
9b013e03b2ab786505a1d3b5c0756754,174,0.05333333333333334,0.02666666666666667,-9.454545454545455,17889.71,4.0,0.17777777777777778,2.174311926605504,174,0.06886381298564687
1127b7f2594683f2510f1c2c834a486b,114,0.05303030303030303,0.045454545454545456,-10.1328125,14073.89,4.090909090909091,0.18181818181818182,1.9153365718251207,114,0.061508379441745836
7e93a43ef30c4f03f38b393420bc753a,336,0.052941176470588235,0.03235294117647059,-11.602484472049689,185134.21,4.206489675516224,0.12058823529411765,1.6672950376149827,336,0.0732492080707246
7a67c85e85bb2ce8582c35f2203ad736,1160,0.05285592497868713,0.03751065643648764,-11.286084701815039,170080.71,4.233676975945017,0.10741687979539642,1.4689938628916224,1160,0.08810455294435496
dee656f0f566ed1aa85bd137c943f08f,93,0.05263157894736842,0.042105263157894736,-13.574468085106384,8467.94,4.382978723404255,0.07368421052631578,1.2065888812628696,93,0.05455668236246555
dd2bdf855a9172734fbc3744021ae9b9,108,0.05263157894736842,0.043859649122807015,-22.396396396396398,14517.76,3.822429906542056,0.17543859649122806,2.034209134191502,108,0.06459583366343048
f8db351d8c4c4c22c6835c19a46f01b0,667,0.052486187845303865,0.03591160220994475,-11.15406162464986,76665.17,4.216178521617852,0.106353591160221,1.4545982250687606,667,0.08097031212645017
cc419e0650a3c5ba77189a1882b7556a,1706,0.051926298157453935,0.035175879396984924,-12.454440599769319,145224.25,4.067498581962564,0.1490787269681742,1.8722858505939008,1706,0.0950119805504734
128639473a139ac0f3e5f5ade55873a5,533,0.05178571428571429,0.03214285714285714,-11.61913357400722,24452.52,4.182640144665461,0.1125,1.4756401184579502,533,0.0777582515513284
dc317f341ab0e22f39acbd9dbf9b4a1f,55,0.05172413793103448,0.034482758620689655,-14.551724137931034,24466.07,4.120689655172414,0.1724137931034483,2.248336358136721,55,0.050527427080357526
53e4c6e0f4312d4d2107a8c9cddf45cd,473,0.05162523900573614,0.040152963671128104,-12.82066276803119,50297.17,4.042307692307692,0.15487571701720843,1.8517711575515037,473,0.07868619233307701
5f1dc28029d2c244352a68107ec2b542,62,0.05128205128205128,0.02564102564102564,-15.384615384615385,6509.44,4.380281690140845,0.07692307692307693,1.3533199195171024,62,0.048505658434132876
1b4c3a6f53068f0b6944d2d005c9fc89,113,0.05128205128205128,0.02564102564102564,-12.330434782608696,20744.44,4.103448275862069,0.13675213675213677,1.7979010494752625,113,0.05918972419885384
640e21a7d01df7614a3b4923e990d40c,116,0.051094890510948905,0.0364963503649635,-9.683823529411764,16449.66,4.262773722627737,0.08759124087591241,1.415736367539717,116,0.057080851958192284
d2374cbcbb3ca4ab1086534108cc3ab7,524,0.05092592592592592,0.032407407407407406,-14.913657770800627,79072.40000000001,3.6333333333333333,0.2330246913580247,2.3597774244833056,524,0.08778973099962775
bfd27a966d91cfaafdb25d076585f0da,117,0.05084745762711865,0.0423728813559322,-14.921739130434782,22982.23,4.2844827586206895,0.11016949152542373,1.5096701649175412,117,0.056617612430994495
d9a84e1403de8da0c3aa531d6d108ba6,54,0.05084745762711865,0.03389830508474576,-9.327586206896552,3035.59,4.559322033898305,0.06779661016949153,1.0438340151957917,54,0.044691448162443914
a1043bafd471dff536d0c462352beb48,718,0.05064935064935065,0.03636363636363636,-11.913563829787234,154338.2,4.189048239895698,0.11818181818181818,1.5843185446672652,718,0.07953224392525078
1f9ab4708f3056ede07124aad39a2554,78,0.05063291139240506,0.02531645569620253,-12.987012987012987,16483.11,4.089743589743589,0.0759493670886076,1.1217116217116216,78,0.054095779134546676
dbd66278cbfe1aa1000f90a217ca4695,85,0.050505050505050504,0.010101010101010102,-11.878787878787879,8838.73,4.459183673469388,0.030303030303030304,0.725120976225542,85,0.050450273332043966
1a3df491d1c4f1589fc2b934ada68bf2,167,0.05027932960893855,0.0223463687150838,-12.44767441860465,34074.38,4.162011173184357,0.11173184357541899,1.350009415604796,167,0.06190023599279105
001cca7ae9ae17fb1caed9dfb1094831,200,0.0502092050209205,0.03347280334728033,-12.696581196581196,48349.24,3.902542372881356,0.18828451882845187,2.079823296069239,200,0.06823109090820557
b6d44737c043328708f6749c2dbe50bd,62,0.05,0.025,-13.759493670886076,14308.43,4.525,0.075,1.0373417721518985,62,0.04578049421427108
1c129092bf23f28a5930387c980c0dfc,201,0.05,0.022727272727272728,-9.689497716894977,17837.27,4.168949771689498,0.12727272727272726,1.5814167818692149,201,0.06366432780563329
fa40cc5b934574b62717c68f3d678b6d,307,0.04985337243401759,0.04105571847507331,-10.866863905325443,26711.27,4.430678466076696,0.08504398826979472,1.2518371122863974,307,0.06447427877058684
d91fb3b7d041e83b64a00a3edfb37e4f,535,0.04927007299270073,0.021897810218978103,-12.05586592178771,53600.56,4.097701149425287,0.13686131386861314,1.8388046859487737,535,0.07555937769041735
3bdff180c7e1f6551a643b99c265a120,59,0.04918032786885246,0.03278688524590164,-11.810344827586206,4494.92,4.016666666666667,0.14754098360655737,1.7793785310734458,59,0.050131421073394876
d9bd94811c3338dceb4181f3dbc0c73e,54,0.04918032786885246,0.04918032786885246,-8.0,9458.71,4.819672131147541,0.03278688524590164,0.45027322404371584,54,0.04089115495135175
45d33f715e24d15a6ccf5c17b3a23e3c,59,0.04918032786885246,0.01639344262295082,-11.482758620689655,8096.77,4.049180327868853,0.13114754098360656,1.9808743169398915,59,0.049728881322535626
cca3071e3e9bb7d12640c9fbe2301306,712,0.04886769964243146,0.03694874851013111,-14.76271186440678,110519.13,3.86284289276808,0.1907032181168057,2.1309771762852536,712,0.08310859482801503
8cbac7e12637ed9cffa18c7875207478,67,0.04878048780487805,0.036585365853658534,-13.407407407407407,7259.8,4.146341463414634,0.10975609756097561,1.5832580548027706,67,0.049641267119718904
1da3aeb70d7989d1e6d9b0e887f97c23,265,0.0486322188449848,0.02127659574468085,-11.076923076923077,20616.920000000002,4.071428571428571,0.15501519756838905,1.9170004450378273,265,0.06669349827585457
79ebd9a61bac3eaf882805ed4ecfa12a,136,0.04861111111111111,0.034722222222222224,-11.858156028368795,21406.91,4.0,0.14583333333333334,1.7482517482517486,136,0.05979143486249457
8f119a0aee85c0c8fc534629734e94fd,77,0.04819277108433735,0.04819277108433735,-10.135802469135802,5629.37,4.216867469879518,0.0963855421686747,1.537760799294739,77,0.04979095801930962
516e7738bd8f735ac19a010ee5450d8d,76,0.047619047619047616,0.023809523809523808,-18.036585365853657,9266.3,4.5476190476190474,0.047619047619047616,0.9254159495123349,76,0.045484873527263714
87142160b41353c4e5fca2360caf6f92,305,0.047058823529411764,0.029411764705882353,-14.352941176470589,49651.72,4.3609467455621305,0.06764705882352941,1.13936052534546,305,0.06176300628812848
3078096983cf766a32a06257648502d1,59,0.046875,0.015625,-11.672131147540984,11926.52,4.203125,0.140625,1.8152281746031749,59,0.045661835266417476
850f4f8af5ea87287ac68de36e29107f,187,0.046875,0.03125,-14.13089005235602,50165.799999999996,4.290322580645161,0.09375,1.3530950305143858,187,0.05721206561832534
670c26e0f1bf8d0576271d5cfaec6d2b,78,0.04597701149425287,0.04597701149425287,-13.151162790697674,10224.23,4.310344827586207,0.08045977011494253,1.4025661587810745,78,0.046607443759648225
aafe36600ce604f205b86b5084d3d767,129,0.04580152671755725,0.030534351145038167,-12.564885496183207,12262.52,4.3816793893129775,0.09923664122137404,1.3301233118027018,129,0.050880151050058345
44073f8b7e41514de3b7815dd0237f4f,144,0.0457516339869281,0.0196078431372549,-15.172185430463577,24605.44,3.748344370860927,0.20261437908496732,2.2562472406181002,144,0.06074513921497664
a3a38f4affed601eb87a97788c949667,254,0.045627376425855515,0.04182509505703422,-14.161538461538461,36152.66,4.385214007782102,0.08365019011406843,1.2455617704280142,254,0.0576558674676151
282f23a9769b2690c5dda22e316f9941,99,0.045454545454545456,0.00909090909090909,-11.513761467889909,12936.66,4.3,0.045454545454545456,1.0009174311926603,99,0.048680445940677504
cce6ab8d1682639fe45ab70234f1665f,63,0.045454545454545456,0.030303030303030304,-13.25,4013.34,4.403225806451613,0.07575757575757576,1.260973030142782,63,0.04293219300171489
0c8380b62e38e8a1e6adbeba7eb9688c,182,0.04504504504504504,0.04054054054054054,-12.090909090909092,32663.3,4.041284403669724,0.14864864864864866,1.7448315224284445,182,0.05806607874545868
01cf7e3d21494c41fb86034f2e714fa1,61,0.04477611940298507,0.029850746268656716,-14.63076923076923,13190.22,4.212121212121212,0.1044776119402985,1.615850815850816,61,0.043872683788195435
1838dd9b8977065acf51d95e0053ea7a,64,0.04477611940298507,0.014925373134328358,-10.415384615384616,4575.28,4.2388059701492535,0.14925373134328357,1.9118046132971498,64,0.04409564017495391
701938c450705b8ae65fc923b70f35c7,75,0.044642857142857144,0.017857142857142856,-11.288288288288289,41899.56,3.7636363636363637,0.17857142857142858,2.035362802335279,75,0.05136955092213342
4e7c18b98d84e05cbae3ff0ff03846c2,82,0.044444444444444446,0.022222222222222223,-12.573033707865168,14330.33,4.134831460674158,0.18888888888888888,2.095250255362615,82,0.04749719976979436
9f505651f4a6abe901a56cdc21508025,397,0.044186046511627906,0.02558139534883721,-10.380281690140846,36817.47,4.28,0.10697674418604651,1.5464150943396222,397,0.06180318849185194
2138ccb85b11a4ec1e37afbd1c8eda1f,396,0.044186046511627906,0.030232558139534883,-12.195238095238095,21945.85,3.9065420560747666,0.17674418604651163,2.122392698461334,396,0.06768300021496082
00fc707aaaad2d31347cf883cd2dfe10,103,0.043795620437956206,0.029197080291970802,-14.846715328467154,26433.0,3.830769230769231,0.2116788321167883,2.2812164579606447,103,0.0530974247549361
7d456afc660226829370f3173d14520c,56,0.043010752688172046,0.043010752688172046,-11.824175824175825,27048.95,4.290322580645161,0.0967741935483871,1.3169705469845716,56,0.040531842284055646
dbb9b48c841a0e39e21f98e1a6b2ec3e,108,0.0423728813559322,0.0423728813559322,-11.271186440677965,10782.47,4.203389830508475,0.1271186440677966,1.7018687527162097,108,0.04729181332892281
0adac9fbd9a2b63cccaac4f8756c1ca8,110,0.04225352112676056,0.035211267605633804,-10.701492537313433,31917.47,3.9185185185185185,0.14084507042253522,1.8962962962962964,110,0.05078302754417037
2ff97219cb8622eaf3cd89b7d9c09824,89,0.041666666666666664,0.03125,-8.76595744680851,6767.4400000000005,4.541666666666667,0.03125,0.6719298245614033,89,0.04128265752596573
7299e27ed73d2ad986de7f7c77d919fa,338,0.04155124653739612,0.01662049861495845,-12.111731843575418,47182.38,4.421052631578948,0.07202216066481995,1.1333333333333337,338,0.05475564010695911
d566c37fa119d5e66c4e9052e83ee4ea,65,0.0410958904109589,0.0,-9.863013698630137,7195.75,4.71830985915493,0.0273972602739726,0.5480885311871228,65,0.036491370274039196
db4350fd57ae30082dec7acbaacc17f9,137,0.0410958904109589,0.02054794520547945,-15.006896551724138,6673.02,4.124137931034483,0.13013698630136986,1.7900383141762457,137,0.049098716109483305
116ccb1a1604bc88e4d234a8c23f33de,61,0.0410958904109589,0.0,-10.136986301369863,3812.38,4.602739726027397,0.0410958904109589,0.8816590563165908,61,0.036849414152188315
7b07b3c7487f0ea825fc6df75abd658b,93,0.04081632653061224,0.030612244897959183,-10.416666666666666,11853.66,4.336734693877551,0.12244897959183673,1.5039974752787713,93,0.04276042148018827
0509040ea3fe50071181bbc359eb7738,89,0.04081632653061224,0.02040816326530612,-10.072916666666666,6114.0599999999995,4.494736842105263,0.01020408163265306,0.6143337066069432,89,0.040862392456280185
18a349e75d307f4b4cc646a691ed4216,121,0.04054054054054054,0.04054054054054054,-14.1328125,18807.21,3.3945578231292517,0.3310810810810811,2.8706551113596124,121,0.0573734842855269
066a6914e1ebf3ea95a216c73a986b91,68,0.04054054054054054,0.04054054054054054,-16.34722222222222,12358.78,3.9726027397260273,0.14864864864864866,1.5825722983257227,68,0.0432091949909972
e333046ce6517bd8bb510291d44f0130,68,0.04054054054054054,0.04054054054054054,-13.0,9816.99,4.383561643835616,0.08108108108108109,1.295281582952816,68,0.039158332960591215
0c7533c71df861ec58ad7ff999ed0e8d,61,0.04054054054054054,0.013513513513513514,-9.135135135135135,6150.9,4.04054054054054,0.17567567567567569,2.0942243613476488,61,0.04140937510078688
9d4db00d65d7760644ac0c14edb5fd86,98,0.04,0.03,-11.080808080808081,12003.69,4.515151515151516,0.05,0.8849721706864561,98,0.040708444309917165
80e6699fe29150b372a0c8a1ebf7dcc8,98,0.04,0.02,-15.653061224489797,14789.35,4.292929292929293,0.1,1.3929086786229645,98,0.04281570495654817
25cf099de44674fde97473224f9d59ab,50,0.04,0.04,-12.34,2359.55,4.326530612244898,0.1,1.2661564625850341,50,0.03635084075537584
813348c996469b40f2e028d5429d3495,179,0.039603960396039604,0.034653465346534656,-10.353846153846154,18888.17,4.0,0.16336633663366337,1.9289340101522834,179,0.05141541436524961
c33847515fa6305ce6feb1e818569f13,114,0.0390625,0.03125,-14.8671875,24784.99,3.71875,0.25,2.361220472440945,114,0.04984172403742909
53243585a1d6dc2643021fd1853d8905,358,0.03902439024390244,0.024390243902439025,-10.955,284902.94,4.075980392156863,0.12439024390243902,1.6035494050199932,358,0.0563283055190465
94144541854e298c2d976cb893b81343,68,0.03896103896103896,0.025974025974025976,-14.545454545454545,22890.38,4.2894736842105265,0.11688311688311688,1.4617543859649125,68,0.03845814210215023
febab0275244b9a49a623f0bd613ca2f,109,0.03875968992248062,0.015503875968992248,-11.214285714285714,14187.869999999999,4.263565891472868,0.13178294573643412,1.4924903100775189,109,0.042731639689021966
7008613ea464bad5cb9b83456e1e6a8f,127,0.038461538461538464,0.03205128205128205,-13.598684210526315,17005.98,4.27741935483871,0.07692307692307693,1.3056556346878925,127,0.04362830322006849
080102cd0a76b09e0dcf55fcacc60e05,124,0.038461538461538464,0.03076923076923077,-11.1953125,8507.97,4.51937984496124,0.038461538461538464,0.9078246124031005,124,0.04109067634991403
f7720c4fa8e3aba4546301ab80ea1f1b,60,0.0379746835443038,0.0379746835443038,-14.166666666666666,8209.34,4.189873417721519,0.06329113924050633,1.0788704965920155,60,0.03725867550610252
4d6d651bd7684af3fffabd5f08d12e5a,369,0.03787878787878788,0.03535353535353535,-12.45897435897436,59676.62,4.175572519083969,0.12878787878787878,1.716544633120424,369,0.05364445832215759
669ae81880e08f269a64487cfb287169,162,0.03723404255319149,0.03723404255319149,-13.754010695187166,21999.63,4.101604278074866,0.14893617021276595,1.876717842562245,162,0.04624066557224924
7178f9f4dd81dcef02f62acdf8151e01,203,0.037037037037037035,0.018518518518518517,-18.027906976744188,43669.24,4.032558139534884,0.1527777777777778,1.8353836122582052,203,0.04884428205717914
de722cd6dad950a92b7d4f82673f8833,339,0.036939313984168866,0.021108179419525065,-15.464190981432361,85846.94,4.159151193633952,0.12928759894459102,1.6554545967605392,339,0.05176951794758406
36a968b544695394e4e9d7572688598f,154,0.03680981595092025,0.018404907975460124,-11.789808917197453,13274.25,3.638036809815951,0.24539877300613497,2.429902294932971,154,0.05102959646124028
0db783cfcd3b73998abc6e10e59a102f,132,0.0364963503649635,0.0364963503649635,-12.518248175182482,12408.35,4.213235294117647,0.12408759124087591,1.5023420479302834,132,0.04236172032446456
2dee2ce60de9709b1a24083217181a1f,54,0.03636363636363636,0.03636363636363636,-16.563636363636363,10169.12,4.363636363636363,0.07272727272727272,1.1986531986531987,54,0.033394443210270595
eeb6de78f79159600292e314a77cbd18,83,0.03571428571428571,0.023809523809523808,-16.3855421686747,47521.09,4.421686746987952,0.05952380952380952,1.0517190714075817,83,0.03578802980770679
6c177e38df6d3f34182b1f1d427231bf,55,0.03571428571428571,0.0,-14.148148148148149,9512.61,4.035714285714286,0.16071428571428573,1.9259740259740263,55,0.03562258133393938
1e8b33f18b4f7598d87f5cbee2282cc2,123,0.03571428571428571,0.007142857142857143,-10.338129496402878,26148.21,4.282608695652174,0.14285714285714285,1.7662646778800388,123,0.04019814213521242
710e3548e02bc1d2831dfc4f1b5b14d4,136,0.035211267605633804,0.035211267605633804,-21.394160583941606,29794.66,3.397163120567376,0.31690140845070425,2.8411347517730485,136,0.050995127065024376
750303a20e9c56b2a6bc45cdce0b897d,54,0.03508771929824561,0.03508771929824561,-11.892857142857142,12819.43,4.280701754385965,0.10526315789473684,1.5983709273182956,54,0.03284699332157764
a7f13822ceb966b076af67121f87b063,75,0.03488372093023256,0.023255813953488372,-16.476190476190474,18984.15,3.4166666666666665,0.26744186046511625,2.4387550200803214,75,0.0442162224192592
1c68394e931a64f90ea236c5ea590300,142,0.03468208092485549,0.028901734104046242,-14.809248554913294,41004.59,3.976470588235294,0.13872832369942195,1.691750783153498,142,0.04328506278743634
c864036feaab8c1659f65ea4faebe1da,58,0.034482758620689655,0.017241379310344827,-12.827586206896552,12299.77,4.568965517241379,0.05172413793103448,0.9513006654567459,58,0.030773867501175244
376a891762bbdecbc02b4b6adec3fdda,57,0.034482758620689655,0.017241379310344827,-14.620689655172415,8138.85,4.672413793103448,0.017241379310344827,0.5399274047186934,57,0.02996636908152339
25e6ffe976bd75618accfe16cefcbd0d,108,0.03418803418803419,0.02564102564102564,-14.104347826086956,18949.41,4.379310344827586,0.09401709401709402,1.3505247376311842,108,0.03662402276994284
30a2f535bb48308f991d0b9ad4a8c4bb,71,0.03409090909090909,0.03409090909090909,-12.295454545454545,9182.36,4.261363636363637,0.13636363636363635,1.896421107628004,71,0.03421332895212843
ebd2d60905fb58271facef5596b620d3,84,0.03409090909090909,0.03409090909090909,-10.694117647058823,10512.27,4.125,0.125,1.8807471264367837,84,0.03671612608669683
c6bda72e4dbf5c5866b13cb1810c6d03,59,0.03389830508474576,0.03389830508474576,-11.661016949152541,15612.86,4.389830508474576,0.0847457627118644,1.2764465225014614,59,0.031616560326039385
6b243f80ed07b10f0e8aa0f21a205f3c,79,0.033707865168539325,0.033707865168539325,-13.808988764044944,10996.5,4.022471910112359,0.16853932584269662,2.1358529111338096,79,0.036720893586652634
0432ead42b6c8a0bdf68154add917fdf,85,0.03333333333333333,0.022222222222222223,-12.862068965517242,10455.7,4.477777777777778,0.08888888888888889,1.3084893882646693,85,0.03315891287533628
062ce95fa2ad4dfaedfc79260130565f,55,0.03333333333333333,0.03333333333333333,-13.135593220338983,10730.16,3.9655172413793105,0.13333333333333333,1.9637023593466425,55,0.033836289574295464
bd23da7354813347129d751591d1a6e2,89,0.03296703296703297,0.02197802197802198,-9.670454545454545,12897.01,4.033333333333333,0.17582417582417584,1.9876404494382016,89,0.036779844730698744
0b90b6df587eb83608a64ea8b390cf07,164,0.03255813953488372,0.03255813953488372,-17.55140186915888,53422.17,4.023584905660377,0.17209302325581396,2.1084458553161043,164,0.04131641038887898
e8b3a3a38279a82f0e5d006d5e5b7d2c,87,0.03225806451612903,0.021505376344086023,-18.11627906976744,17351.83,3.7419354838709675,0.23655913978494625,2.5631136044880782,87,0.03859773115929489
05ff92fedb5be47920fea08e501238b9,59,0.03225806451612903,0.03225806451612903,-17.3,26196.63,4.209677419354839,0.06451612903225806,1.3815441565309365,59,0.03137428783311954
ff063b022a9a0aab91bad2c9088760b7,94,0.03125,0.010416666666666666,-11.447916666666666,14862.57,4.276595744680851,0.09375,1.2345001143902998,94,0.0332761526593945
95e03ca3d4146e4011985981aeb959b9,175,0.030927835051546393,0.015463917525773196,-14.596858638743456,17585.75,3.9732620320855614,0.15979381443298968,1.886378011615203,175,0.04024699978099933
98dac6635aee4995d501a3972e047414,91,0.03076923076923077,0.0,-11.178947368421053,26860.100000000002,3.8756476683937824,0.24102564102564103,2.7136226252158893,91,0.035899020788583494
9674754b5a0cb32b638cec001178f799,86,0.030612244897959183,0.02040816326530612,-10.333333333333334,7933.48,4.03125,0.1836734693877551,2.072697368421052,86,0.03391292353985445
85d9eb9ddc5d00ca9336a2219c97bb13,509,0.030534351145038167,0.01717557251908397,-15.151750972762645,26205.55,4.182170542635659,0.10114503816793893,1.4036426582373749,509,0.04551791571883323
95f83f51203c626648c875dd41874c7f,52,0.029850746268656716,0.014925373134328358,-13.569230769230769,7575.21,3.1818181818181817,0.44776119402985076,2.827972027972028,52,0.03724794119323952
562fc2f2c2863ab7e79a9e4388a58a14,260,0.02962962962962963,0.018518518518518517,-12.558490566037737,15908.55,4.235074626865671,0.0962962962962963,1.3490273352339424,260,0.03893076114635294
b76dba6c951ab00dc4edf0a1aa88037e,159,0.029585798816568046,0.01775147928994083,-16.24550898203593,5463.3,4.149700598802395,0.11834319526627218,1.5738402712647006,159,0.03618407349676174
76d64c4aca3a7baf218bf93ef7fa768d,64,0.028985507246376812,0.014492753623188406,-14.898550724637682,22774.68,4.115942028985507,0.17391304347826086,1.8981244671781752,64,0.029397093449969273
ac3508719a1d8f5b7614b798f70af136,103,0.028846153846153848,0.019230769230769232,-17.524752475247524,16197.4,4.564356435643564,0.04807692307692308,0.8883168316831683,103,0.02935196150592016
b92e3c8f9738272ff7c59e111e108d7c,62,0.028169014084507043,0.014084507042253521,-42.67605633802817,13624.81,4.044776119402985,0.19718309859154928,2.2252374491180453,62,0.028854012438878716
7722b1df1b0e383e000397b2c11e3e19,134,0.027586206896551724,0.013793103448275862,-11.590277777777779,11742.73,4.222222222222222,0.1103448275862069,1.3488733488733489,134,0.032048982218472494
d94a40fd42351c259927028d163af842,101,0.02727272727272727,0.00909090909090909,-13.55045871559633,20853.1,4.10377358490566,0.12727272727272726,1.731985624438454,101,0.03073649643938136
fcb5ace8bcc92f75707dc0f01a27d269,62,0.02702702702702703,0.02702702702702703,-8.605633802816902,12416.789999999999,3.808219178082192,0.17567567567567569,1.934931506849316,62,0.029403931073943408
aaed1309374718fdd995ee4c58c9dfcd,105,0.026785714285714284,0.017857142857142856,-16.765765765765767,12949.51,4.054054054054054,0.13392857142857142,1.8152334152334155,105,0.030812008300383296
966cb4760537b1404caedd472cc610a5,75,0.02666666666666667,0.0,-15.0,53442.58,3.864864864864865,0.18666666666666668,2.3102554609403922,75,0.029881050553024573
9e6229250fedbe05838fef417b74e7fb,74,0.02564102564102564,0.02564102564102564,-15.103896103896103,17664.52,3.8974358974358974,0.15384615384615385,1.8075258075258076,74,0.028404527062738886
5cf13accae3222c70a9cac40818ae839,149,0.02564102564102564,0.019230769230769232,-13.90967741935484,19519.0,4.438709677419355,0.08333333333333333,1.2738165060745708,149,0.02894485951792336
709e16e2b25c7474d980076c6bfc4806,60,0.025,0.0125,-12.625,10460.7,4.525,0.0125,0.6322784810126582,60,0.02271201029930006
37be5a7c751166fbc5f8ccba4119e043,272,0.024734982332155476,0.02120141342756184,-12.907142857142857,66516.09,4.2967032967032965,0.09187279151943463,1.2314964447317394,272,0.03229224271852385
080199a181c46c657dc5aa235411be3b,79,0.024096385542168676,0.012048192771084338,-9.072289156626505,17035.9,4.609756097560975,0.012048192771084338,0.46311352002408906,79,0.022905984830959285
b4ffb71f0cb1b1c3d63fad021ecf93e1,144,0.023809523809523808,0.023809523809523808,-14.275449101796408,13702.25,3.9939759036144578,0.17261904761904762,2.0908725812340263,144,0.029668096000927072
cab85505710c7cb9b720bceb52b01cee,206,0.023809523809523808,0.014285714285714285,-15.180487804878048,15026.49,4.2898550724637685,0.0761904761904762,1.1582946390882236,206,0.029597618785015316
2a84855fd20af891be03bc5924d2b453,164,0.023668639053254437,0.023668639053254437,-11.89308176100629,21125.48,4.233532934131737,0.11242603550295859,1.6258567202943506,164,0.02854608251019465
dbc22125167c298ef99da25668e1011f,406,0.023255813953488372,0.020930232558139535,-13.28468899521531,49694.340000000004,4.2266355140186915,0.1,1.4403193328809993,406,0.03306172038219022
dfa0c4c6229ab200a4a1336b4d7128ff,77,0.023255813953488372,0.011627906976744186,-14.86046511627907,8442.73,4.011627906976744,0.18604651162790697,2.176333789329686,77,0.02525628305327299
609e1a9a6c2539919b8205cf7c4e6ff0,87,0.023076923076923078,0.015384615384615385,-16.56153846153846,19802.09,3.598360655737705,0.24615384615384617,2.5894187779433686,87,0.028713952586280424
48162d548f5b1b11b9d29d1e01f75a61,68,0.02197802197802198,0.01098901098901099,-12.292134831460674,44222.6,3.7555555555555555,0.23076923076923078,2.591260923845194,68,0.024778567228932534
d98eec89afa3380e14463da2aabaea72,168,0.02185792349726776,0.01639344262295082,-18.14207650273224,12370.85,4.292817679558011,0.09289617486338798,1.4415592387968075,168,0.026120124829309203
8bb48dc19fccaa8613b6229bf7f452a2,82,0.020833333333333332,0.010416666666666666,-12.84375,8961.09,4.34375,0.10416666666666667,1.4069078947368423,82,0.021193480133317018
229c3efbfb0ea2058de4ccdfbc3d784a,121,0.02027027027027027,0.02027027027027027,-11.758620689655173,25509.55,3.643835616438356,0.25,2.4653755314123766,121,0.026724258504282245
5c243662ce92d84573bfaff24c3e3700,98,0.02,0.01,-13.29,35282.08,4.1313131313131315,0.11,1.3601319315605025,98,0.02224532347986916
c3cfdc648177fdbbbb35635a37472c53,278,0.01935483870967742,0.00967741935483871,-15.709677419354838,59523.51,4.434640522875817,0.08387096774193549,1.302271509696776,278,0.024577233535607545
8a432f4e5b471f8da497d7dc517666e2,95,0.018867924528301886,0.018867924528301886,-11.877358490566039,12218.66,4.201923076923077,0.12264150943396226,1.5996079163554893,95,0.020495324550436293
86ccac0b835037332a596a33b6949ee1,180,0.018867924528301886,0.014150943396226415,-14.280952380952382,30353.19,4.004739336492891,0.1792452830188679,2.0047393364928916,180,0.0244921932253453
b1a81260566c1bac3114a6d124413f27,51,0.018518518518518517,0.0,-16.203703703703702,11498.32,4.222222222222222,0.14814814814814814,1.9119496855345908,51,0.017330016309567663
ce27a3cc3c8cc1ea79d11e561e9bebb6,135,0.018292682926829267,0.012195121951219513,-12.748344370860927,57848.65,3.8489208633093526,0.17682926829268292,2.1871546241267854,135,0.0233482686044214
a5cba26a62b8b4d0145b68b841e62e7f,54,0.01818181818181818,0.01818181818181818,-14.11111111111111,16798.06,4.527272727272727,0.05454545454545454,0.9575757575757577,54,0.01609370757121474
612170e34b97004b3ba37eae81836b4c,107,0.01818181818181818,0.0,-17.69090909090909,26144.2,4.427272727272728,0.07272727272727272,1.219432860717264,107,0.019228464998456752
e26901d5ab434ce92fd9b5c256820a4e,202,0.01809954751131222,0.00904977375565611,-13.083720930232559,17300.53,4.0588235294117645,0.14027149321266968,1.719251336898396,202,0.023693226216462825
8c16d1f32a54d92897cc437244442e1b,108,0.01694915254237288,0.01694915254237288,-14.279661016949152,9219.44,4.327586206896552,0.07627118644067797,1.3178410794602697,108,0.01837383869061316
1b8356dabde1d35e17cef975c3f82730,56,0.01639344262295082,0.01639344262295082,-13.85,5286.89,4.081967213114754,0.11475409836065574,1.576502732240437,56,0.016237153686082532
289cdb325fb7e7f891c38608bf9e0962,110,0.015873015873015872,0.015873015873015872,-9.968,20211.48,4.579365079365079,0.047619047619047616,0.8536507936507944,110,0.01632419480524206
d57e18d5f73c7ccb7f7339b61166898d,61,0.015873015873015872,0.0,-10.825396825396826,4361.3,4.444444444444445,0.07936507936507936,1.1218637992831544,61,0.014739765660875325
33a6f4b1e7cdc205511e76ba1b6e0186,105,0.015873015873015872,0.007936507936507936,-13.03968253968254,17240.72,4.357142857142857,0.10317460317460317,1.4154285714285715,105,0.016988849158878206
6c7d50c24b3ccd2fd83b44d8bb34e073,114,0.015625,0.0078125,-11.333333333333334,15403.66,4.3858267716535435,0.0703125,1.0959880014998116,114,0.016904353127865035
17ca9b9e9b9ef8fdb529001b49ebb50f,116,0.015503875968992248,0.007751937984496124,-13.4375,15017.81,4.0,0.15503875968992248,1.7637795275590553,116,0.018458038506968047
8ae520247981aa06bc94abddf5f46d34,65,0.015384615384615385,0.0,-15.830769230769231,17766.34,4.446153846153846,0.09230769230769231,1.2197115384615382,65,0.014497075231925345
12b9676b00f60f3b700e83af21824c0e,135,0.014814814814814815,0.007407407407407408,-20.63157894736842,30342.69,4.537313432835821,0.044444444444444446,0.7617551341039165,135,0.016040344899820445
ca3bd7cd9f149df75950150d010fe4a2,71,0.014492753623188406,0.007246376811594203,-16.31111111111111,41623.22,3.7279411764705883,0.21014492753623187,2.273583877995645,71,0.01662597810897246
cb8bcce248bb1fb274ba762d8b971456,68,0.014492753623188406,0.014492753623188406,-11.417910447761194,11199.22,4.260869565217392,0.07246376811594203,1.1074168797953963,68,0.014401722804752583
582d4f8675b945722eda7c0cb61ba4c7,59,0.014084507042253521,0.0,-13.464788732394366,11028.0,4.112676056338028,0.1267605633802817,1.472837022132796,59,0.014021727952815413
751bdc4d83a466c7206cd42e8f426b03,54,0.014084507042253521,0.014084507042253521,-11.161764705882353,12387.42,3.701492537313433,0.2535211267605634,2.4853007688828583,54,0.015248257803871852
520b493b57809f446cb0a233bb3e25c7,63,0.013513513513513514,0.013513513513513514,-11.41891891891892,6104.03,4.378378378378378,0.08108108108108109,1.2795261014439099,63,0.012836058899258247
91f848e9f4be368f4318775aac733370,63,0.013513513513513514,0.013513513513513514,-11.014084507042254,10133.46,4.277777777777778,0.06756756756756757,1.2175273865414709,63,0.013137924798258002
d921b68bf747894be13a97ae52b0f386,77,0.012987012987012988,0.012987012987012988,-15.532467532467532,17689.77,4.558441558441558,0.05194805194805195,0.93403964456596,77,0.012412275859514507
6cd68b3ed6d59aaa9fece558ad360c0a,149,0.012738853503184714,0.012738853503184714,-13.764331210191083,15134.7,4.4423076923076925,0.03821656050955414,0.790198511166253,149,0.014368601499600477
9d5a9018aee56acb367ba9c3f05d1d6a,67,0.012658227848101266,0.012658227848101266,-13.64102564102564,17282.43,4.405063291139241,0.12658227848101267,1.5774099318403116,67,0.01212502214131065
259f7b5e6e482c230e5bfaa670b6bb8f,138,0.012121212121212121,0.012121212121212121,-13.17283950617284,15242.65,4.2073170731707314,0.14545454545454545,1.8463265000748166,138,0.014216139218856979
744dac408745240a2c2528fb1b6028f3,79,0.011904761904761904,0.011904761904761904,-16.325301204819276,29325.09,4.5476190476190474,0.03571428571428571,0.7567412507171546,79,0.011471273912758852
0df3984f9dfb3d49ac6366acbd3bbb85,87,0.011235955056179775,0.011235955056179775,-14.215909090909092,12202.33,4.303370786516854,0.11235955056179775,1.5773748723186927,87,0.011690174450334745
725c32fa80c2faacc4fc88450d27314e,89,0.010752688172043012,0.010752688172043012,-11.53763440860215,10048.140000000001,4.538461538461538,0.021505376344086023,0.5846153846153851,89,0.010661112760031611
d12c926d74ceff0a90a21184466ce161,78,0.010101010101010102,0.010101010101010102,-13.68041237113402,9178.16,4.111111111111111,0.1414141414141414,1.9365079365079365,78,0.010735744109255582
530ec6109d11eaaf87999465c6afee01,97,0.009615384615384616,0.009615384615384616,-16.564356435643564,17687.25,4.221153846153846,0.11538461538461539,1.5331404032860347,97,0.0104441172634865
822166ed1e47908f7cfb49946d03c726,69,0.00909090909090909,0.00909090909090909,-12.036363636363637,11974.51,3.97196261682243,0.18181818181818182,2.329395168400635,69,0.00972382868233757
0ea22c1cfbdc755f86b9b54b39c16043,237,0.007380073800738007,0.0036900369003690036,-16.280898876404493,21064.29,4.340996168582375,0.07749077490774908,1.2871205422929557,237,0.009303339570211698
0bae85eb84b9fb3bd773911e89288d54,137,0.00684931506849315,0.00684931506849315,-14.63448275862069,12329.6,4.205479452054795,0.0821917808219178,1.3092111478507324,137,0.008024843135435186
06e5eefc71ec47ae763c5c6f8db7064f,92,0.0,0.0,-16.236559139784948,25884.28,3.9347826086956523,0.14736842105263157,1.731963688485428,92,0.0
fc906263ca5083d09dce42fe02247800,114,0.0,0.0,-14.205128205128204,6938.88,4.38655462184874,0.10084033613445378,1.086597350804728,114,0.0
3504c0cb71d7fa48d967e0e4c94d59d9,53,0.0,0.0,-10.056603773584905,3050.26,4.415094339622642,0.03773584905660377,0.7859216255442665,53,0.0
b372ee768ed69e46ca8cdbd267aa7a38,63,0.0,0.0,-18.557142857142857,16898.98,4.4,0.1,1.4028985507246376,63,0.0
fa1a9dec3a9940c072684a46728bf1fc,55,0.0,0.0,-14.5,9910.58,3.983050847457627,0.16666666666666666,2.085914669783752,55,0.0
e882b2a25a10b9c057cc49695f222c19,57,0.0,0.0,-18.366666666666667,59700.43,4.593220338983051,0.05,0.6937463471654005,57,0.0
cc63f0dd2acba93ffed4fe9f8e0321fa,55,0.0,0.0,-11.698412698412698,10769.92,4.0476190476190474,0.09523809523809523,1.1751152073732718,55,0.0
f3b80352b986ab4d1057a4b724be19d0,87,0.0,0.0,-12.417582417582418,14401.67,4.130434782608695,0.11956521739130435,1.5432393693263253,87,0.0
2b3e4a2a3ea8e01938cabda2a3e5cc79,52,0.0,0.0,-11.444444444444445,32329.82,4.388888888888889,0.07407407407407407,1.2987421383647797,52,0.0
57e632711dec9ec14ca7546769483e7e,62,0.0,0.0,-16.227272727272727,8798.130000000001,4.424242424242424,0.045454545454545456,0.9249417249417254,62,0.0
9616352088dcf83a7c06637f4ebf1c80,92,0.0,0.0,-14.77319587628866,8456.93,4.23469387755102,0.10204081632653061,1.439196297075531,92,0.0
